Antigua,West Indies
Alice Springs,Australia
Bellerive,Australia
Cairns,Australia
Canberra,Australia
Carrara,Australia
DarWest Indiesn,Australia
Launceston,Australia
Perth,Australia
Sydney,Australia
Sydney,Australia
Adelaide,Australia
Brisbane,Australia
Geelong,Australia
Melbourne,Australia
Melbourne,Australia
Perth,Australia
Sydney,Australia
Chittagong,Bangladesh
Fatullah,Bangladesh
Khulna,Bangladesh
Sylhet,Bangladesh
Bogra,Bangladesh
Dhaka,Bangladesh
Bridgetown,Barbados
King City,Canada
Toronto,Canada
Roseau,Dominica
Birmingham,England
Bristol,England
Canterbury,England
Chester-le-Street,England
Leeds,England
London,England
Manchester,England
Nottingham,England
Scarborough,England
Southampton,England
London,England
Grenada,West Indies
Georgetown,Guyana
Providence,Guyana
Dharamsala,India
Gwalior,India
Lucknow,India
Mumbai,India
Pune,India
Rajkot,India
Rajkot,India
Bangalore,India
Chennai,India
Cuttack,India
Delhi,India
Guwahati,India
Hyderabad,India
Indore,India
Jaipur,India
Kolkata,India
Mohali,India
Mumbai,India
Nagpur,India
Naya Raipur,India
Pune,India
Ranchi,India
Trivandrum,India
Vishakhapatnam,India
Lucknow,India
Dublin,Ireland
Dublin,Ireland
Kingston,West Indies
Trelawny Parish,West Indies
Kirtipur,Nepal
Amsterdam,Netherlands
Auckland,New Zealand
Napier,New Zealand
Queenstown,New Zealand
Taupo,New Zealand
Wellington,New Zealand
Belfast,Ireland
Derry,Ireland
Peshawar,Pakistan
Faisalabad,Pakistan
Gujranwala,Pakistan
Hyderabad,Pakistan
Karachi,Pakistan
Lahore,Pakistan
Mirpur,Pakistan
Multan,Pakistan
Peshawar,Pakistan
Rawalpindi,Pakistan
Sialkot,Pakistan
Gros Islet,West Indies
Kingstown,West Indies
Edinburgh,Scotland
Benoni,South Africa
Bloemfontein,South Africa
Cape Town,South Africa
Centurion,South Africa
Durban,South Africa
East-London,South Africa
Port Elizabeth,South Africa
Johannesburg,South Africa
Colombo,SL
Colombo,SL
Pallekele,SL
Port of Spain,West Indies
Tarouba,West Indies
Abu Dhabi,UAE
Dubai,UAE
Sharjah,UAE
Lauderhill,USA
Cardiff,England
Bulawayo,Zimbabwe
Harare,Zimbabwe
